id,true sent,sentiment
1945,negative,negative
1957,negative,negative
1969,negative,neutral
1973,negative,positive
1975,negative,negative
1980,negative,negative
1982,negative,negative
1983,negative,positive
1985,negative,neutral
1988,negative,negative
2012,negative,negative
2020,negative,negative
2032,negative,negative
2039,negative,negative
2046,negative,neutral
2049,positive,positive
2050,negative,positive
2051,positive,positive
2053,positive,positive
2054,positive,neutral
2055,positive,neutral
2056,negative,negative
2059,negative,negative
2063,positive,neutral
2068,positive,positive
2069,negative,negative
2071,negative,neutral
2072,positive,neutral
2074,positive,neutral
2080,positive,positive
2081,positive,positive
2082,positive,positive
2085,positive,positive
2086,negative,neutral
2088,neutral,positive
2089,neutral,positive
2090,neutral,neutral
2091,positive,positive
2092,negative,negative
2093,neutral,neutral
2094,neutral,negative
2095,neutral,negative
2096,neutral,neutral
2097,neutral,neutral
2098,positive,positive
2099,neutral,neutral
2100,negative,neutral
2101,positive,positive
2102,negative,negative
2103,neutral,positive
2104,neutral,neutral
2105,neutral,negative
2106,positive,positive
2107,positive,neutral
2108,neutral,neutral
2109,positive,positive
2110,neutral,neutral
2111,neutral,neutral
2112,neutral,positive
2113,negative,negative
2114,neutral,neutral
2115,neutral,neutral
2116,neutral,neutral
2117,neutral,neutral
2118,neutral,positive
2119,negative,negative
2120,neutral,neutral
2121,negative,negative
2122,neutral,positive
2123,neutral,positive
2124,positive,positive
2125,neutral,neutral
2126,positive,positive
2127,positive,positive
2128,neutral,neutral
2129,neutral,neutral
2130,positive,positive
2131,neutral,neutral
2132,neutral,positive
2133,neutral,neutral
2134,neutral,negative
2135,neutral,positive
2136,neutral,neutral
2137,positive,positive
2138,positive,neutral
2139,neutral,neutral
2140,positive,neutral
2141,positive,positive
2142,neutral,neutral
2143,neutral,neutral
2144,negative,negative
2145,negative,negative
2146,neutral,neutral
2147,negative,positive
2148,neutral,neutral
2149,negative,negative
2150,neutral,neutral
2151,positive,positive
2152,positive,positive
2153,positive,positive
2154,positive,positive
2155,negative,negative
2156,neutral,neutral
2157,positive,positive
2158,positive,positive
2159,positive,positive
2160,negative,neutral
2161,neutral,neutral
2162,neutral,neutral
2163,positive,positive
2164,neutral,neutral
2165,positive,positive
2166,negative,negative
2167,positive,positive
2168,neutral,neutral
2169,positive,positive
2170,negative,negative
2171,neutral,neutral
2172,neutral,neutral
2173,positive,positive
2174,neutral,neutral
2175,positive,positive
2176,positive,positive
2177,positive,negative
2178,positive,negative
2179,negative,neutral
2180,neutral,neutral
2181,negative,negative
2182,positive,positive
2183,neutral,neutral
2184,positive,positive
2185,neutral,positive
2186,neutral,neutral
2187,neutral,negative
2188,neutral,neutral
2189,negative,positive
2190,positive,positive
2191,neutral,positive
2192,negative,negative
2193,neutral,neutral
2194,negative,negative
2195,positive,positive
2196,negative,negative
2197,negative,neutral
2198,positive,neutral
2199,positive,neutral
2200,neutral,neutral
2201,positive,positive
2202,positive,positive
2203,positive,positive
2204,negative,negative
2205,positive,negative
2206,negative,negative
2207,negative,negative
2208,negative,negative
2209,positive,positive
2210,neutral,neutral
2211,positive,positive
2212,positive,positive
2213,positive,positive
2214,neutral,positive
2215,negative,negative
2216,positive,positive
2217,neutral,neutral
2218,neutral,neutral
2219,neutral,neutral
2220,positive,positive
2221,positive,positive
2222,neutral,neutral
2223,negative,positive
2224,neutral,neutral
2225,positive,positive
2226,positive,positive
2227,positive,positive
2228,neutral,neutral
2229,positive,positive
2230,positive,positive
2231,positive,neutral
2232,positive,positive
2233,positive,positive
2234,neutral,neutral
2235,negative,neutral
2236,positive,neutral
2237,negative,negative
2238,positive,positive
2239,neutral,neutral
2240,neutral,neutral
2241,neutral,neutral
2242,neutral,neutral
2243,neutral,positive
2244,neutral,neutral
2245,neutral,neutral
2246,neutral,neutral
2247,neutral,neutral
2248,neutral,neutral
2249,positive,positive
2250,neutral,neutral
2251,neutral,neutral
2252,positive,positive
2253,neutral,neutral
2254,neutral,neutral
2255,positive,positive
2256,positive,positive
2257,positive,positive
2258,positive,positive
2259,neutral,neutral
2260,neutral,neutral
2261,positive,neutral
2262,neutral,neutral
2263,positive,positive
2264,positive,positive
2265,neutral,positive
2266,neutral,positive
2267,positive,positive
2268,neutral,neutral
2269,neutral,neutral
2270,neutral,neutral
2271,neutral,neutral
2272,negative,negative
2273,neutral,neutral
2274,positive,positive
2275,positive,positive
2276,neutral,neutral
2277,neutral,neutral
2278,neutral,neutral
2279,neutral,negative
2280,negative,neutral
2281,neutral,neutral
2282,neutral,neutral
2283,negative,negative
2284,negative,negative
2285,positive,positive
2286,neutral,neutral
2287,positive,positive
2288,neutral,neutral
2289,negative,neutral
2290,positive,positive
2291,neutral,positive
2292,negative,negative
2293,positive,positive
2294,neutral,neutral
2295,neutral,neutral
2296,positive,positive
2297,negative,negative
2298,neutral,neutral
2299,positive,neutral
2300,neutral,neutral
2301,neutral,neutral
2302,positive,positive
2303,positive,positive
2304,neutral,neutral
2305,neutral,neutral
2306,negative,negative
2307,neutral,neutral
2308,neutral,neutral
2309,negative,neutral
2310,negative,negative
2311,negative,negative
2312,positive,positive
2313,neutral,neutral
2314,positive,positive
2315,positive,positive
2316,positive,positive
2317,neutral,neutral
2318,positive,neutral
2319,neutral,neutral
2320,positive,positive
2321,neutral,neutral
2322,negative,negative
2323,negative,negative
2324,negative,negative
2325,neutral,negative
2326,positive,positive
2327,neutral,neutral
2328,positive,positive
2329,positive,neutral
2330,positive,positive
2331,negative,negative
2332,neutral,positive
2333,negative,negative
2334,positive,neutral
2335,positive,positive
2336,negative,negative
2337,positive,neutral
2338,positive,positive
2339,negative,positive
2340,positive,positive
2341,neutral,neutral
2342,positive,positive
2343,neutral,negative
2344,positive,neutral
2345,negative,negative
2346,neutral,neutral
2347,neutral,neutral
2348,neutral,neutral
2349,negative,negative
2350,neutral,neutral
2351,positive,positive
2352,neutral,neutral
2353,negative,negative
2354,negative,neutral
2355,neutral,neutral
2356,neutral,neutral
2357,neutral,neutral
2358,neutral,neutral
2359,positive,positive
2360,positive,positive
2361,neutral,neutral
2362,positive,neutral
2363,neutral,positive
2364,positive,positive
2365,neutral,positive
2366,positive,positive
2367,neutral,neutral
2368,neutral,neutral
2369,positive,neutral
2370,neutral,neutral
2371,positive,positive
2372,positive,neutral
2373,negative,negative
2374,neutral,positive
2375,neutral,positive
2376,neutral,neutral
2377,neutral,neutral
2378,negative,positive
2379,positive,positive
2380,neutral,positive
2381,negative,negative
2382,negative,negative
2383,neutral,neutral
2384,positive,positive
2385,positive,positive
2386,negative,positive
2387,positive,positive
2388,negative,negative
2389,positive,neutral
2390,neutral,neutral
2391,negative,neutral
2392,neutral,negative
2393,neutral,neutral
2394,neutral,negative
2395,neutral,neutral
2396,positive,positive
2397,neutral,neutral
2398,neutral,neutral
2399,positive,neutral
2400,neutral,neutral
2401,neutral,neutral
2402,neutral,positive
2403,neutral,positive
2404,neutral,positive
2405,neutral,neutral
2406,neutral,neutral
2407,neutral,neutral
2408,negative,negative
2409,positive,positive
2410,negative,neutral
2411,neutral,neutral
2412,neutral,neutral
2413,neutral,neutral
2414,neutral,neutral
2415,neutral,neutral
2416,neutral,neutral
2417,neutral,positive
2418,positive,neutral
2419,neutral,neutral
2420,neutral,neutral
2421,negative,negative
2422,positive,positive
2423,neutral,neutral
2424,neutral,positive
2425,positive,neutral
2426,neutral,neutral
2427,positive,positive
2428,neutral,neutral
2429,negative,negative
2430,negative,neutral
2431,negative,negative
2432,positive,neutral
2433,positive,positive
2434,neutral,neutral
2435,positive,neutral
2436,negative,negative
2437,positive,positive
2438,negative,neutral
2439,neutral,neutral
2440,negative,negative
2441,neutral,neutral
2442,neutral,neutral
2443,neutral,positive
2444,positive,neutral
2445,neutral,positive
2446,positive,positive
2447,negative,negative
2448,positive,negative
2449,positive,neutral
2450,negative,negative
2451,positive,positive
2452,positive,positive
2453,positive,positive
2454,neutral,positive
2455,negative,neutral
2456,positive,neutral
2457,positive,positive
2458,neutral,negative
2459,positive,positive
2460,negative,neutral
2461,negative,negative
2462,neutral,neutral
2463,neutral,neutral
2464,negative,neutral
2465,negative,negative
2466,neutral,neutral
2467,positive,neutral
2468,neutral,neutral
2469,positive,neutral
2470,positive,positive
2471,positive,positive
2472,neutral,negative
2473,neutral,negative
2474,neutral,negative
2475,neutral,positive
2476,positive,neutral
2477,positive,neutral
2478,neutral,neutral
2479,neutral,neutral
2480,neutral,neutral
2481,neutral,neutral
2482,positive,neutral
2483,positive,positive
2484,negative,negative
2485,positive,neutral
2486,positive,positive
2487,neutral,neutral
2488,neutral,negative
2489,positive,positive
2490,neutral,neutral
2491,neutral,neutral
2492,neutral,neutral
2493,neutral,neutral
2494,positive,positive
2495,neutral,neutral
2496,negative,negative
2497,negative,negative
2498,neutral,neutral
2499,positive,neutral
2500,neutral,positive
2501,negative,negative
2502,neutral,positive
2503,positive,positive
2504,neutral,neutral
2505,neutral,neutral
2506,positive,positive
2507,neutral,positive
2508,negative,negative
2509,neutral,neutral
2510,positive,positive
2511,neutral,neutral
2512,positive,positive
2513,neutral,neutral
2514,negative,neutral
2515,positive,positive
2516,positive,neutral
2517,positive,positive
2518,neutral,neutral
2519,positive,positive
2520,negative,neutral
2521,negative,neutral
2522,negative,neutral
2523,neutral,neutral
2524,neutral,neutral
2525,negative,negative
2526,neutral,neutral
2527,positive,neutral
2528,negative,negative
2529,positive,positive
2530,negative,negative
2531,positive,positive
2532,neutral,neutral
2533,positive,positive
2534,positive,positive
2535,neutral,positive
2536,positive,neutral
2537,positive,positive
2538,negative,negative
2539,positive,neutral
2540,positive,neutral
2541,positive,neutral
2542,neutral,neutral
2543,positive,negative
2544,neutral,positive
2545,negative,neutral
2546,neutral,neutral
2547,neutral,neutral
2548,neutral,positive
2549,neutral,neutral
2550,neutral,neutral
2551,positive,positive
2552,neutral,neutral
2553,positive,positive
2554,neutral,negative
2555,negative,neutral
2556,neutral,neutral
2557,positive,neutral
2558,negative,negative
2559,neutral,neutral
2560,neutral,neutral
2561,neutral,positive
2562,positive,neutral
2563,positive,positive
2564,positive,positive
2565,neutral,neutral
2566,positive,positive
2567,negative,negative
2568,positive,neutral
2569,positive,positive
2570,negative,neutral
2571,neutral,neutral
2572,negative,negative
2573,neutral,neutral
2574,positive,neutral
2575,positive,neutral
2576,negative,negative
2577,positive,positive
2578,positive,neutral
2579,neutral,positive
2580,negative,negative
2581,positive,negative
2582,neutral,neutral
2583,neutral,neutral
2584,positive,negative
2585,positive,positive
2586,positive,positive
2587,positive,positive
2588,neutral,neutral
2589,neutral,neutral
2590,neutral,negative
2591,neutral,neutral
2592,neutral,neutral
2593,neutral,neutral
2594,neutral,neutral
2595,positive,positive
2596,positive,positive
2597,negative,negative
2598,negative,negative
2599,negative,positive
2600,positive,positive
2601,neutral,neutral
2602,positive,positive
2603,positive,positive
2604,neutral,neutral
2605,neutral,neutral
2606,negative,negative
2607,neutral,neutral
2608,positive,neutral
2609,neutral,neutral
2610,neutral,neutral
2611,neutral,neutral
2612,positive,neutral
2613,neutral,neutral
2614,neutral,neutral
2615,negative,neutral
2616,neutral,neutral
2617,negative,negative
2618,positive,positive
2619,positive,positive
2620,positive,neutral
2621,negative,negative
2622,positive,positive
2623,neutral,neutral
2624,positive,positive
2625,positive,positive
2626,positive,neutral
2627,positive,positive
2628,neutral,neutral
2629,negative,negative
2630,neutral,negative
2631,neutral,neutral
2632,neutral,neutral
2633,neutral,negative
2634,neutral,neutral
2635,neutral,neutral
2636,positive,positive
2637,positive,positive
2638,neutral,neutral
2639,positive,neutral
2640,negative,negative
2641,positive,positive
2642,positive,positive
2643,negative,negative
2644,neutral,neutral
2645,neutral,negative
2646,positive,neutral
2647,positive,positive
2648,positive,positive
2649,neutral,neutral
2650,positive,positive
2651,neutral,neutral
2652,positive,positive
2653,positive,positive
2654,neutral,neutral
2655,neutral,neutral
2656,neutral,neutral
2657,positive,positive
2658,positive,positive
2659,neutral,neutral
2660,positive,positive
2661,neutral,positive
2662,neutral,neutral
2663,neutral,negative
2664,neutral,neutral
2665,neutral,positive
2666,neutral,neutral
2667,negative,positive
2668,neutral,positive
2669,negative,negative
2670,positive,positive
2671,negative,negative
2672,neutral,neutral
2673,neutral,positive
2674,neutral,neutral
2675,negative,negative
2676,positive,positive
2677,neutral,neutral
2678,negative,negative
2679,positive,positive
2680,neutral,neutral
2681,positive,positive
2682,neutral,neutral
2683,negative,negative
2684,positive,positive
2685,neutral,positive
2686,neutral,positive
2687,neutral,positive
2688,positive,positive
2689,positive,positive
2690,neutral,neutral
2691,negative,negative
2692,positive,positive
2693,positive,positive
2694,positive,positive
2695,neutral,neutral
2696,neutral,neutral
2697,neutral,neutral
2698,neutral,neutral
2699,neutral,neutral
2700,neutral,neutral
2701,positive,positive
2702,negative,negative
2703,neutral,neutral
2704,positive,positive
2705,positive,positive
2706,positive,positive
2707,negative,negative
2708,neutral,neutral
2709,positive,negative
2710,negative,neutral
2711,negative,negative
2712,neutral,neutral
2713,neutral,neutral
2714,negative,neutral
2715,neutral,neutral
2716,neutral,neutral
2717,neutral,neutral
2718,positive,positive
2719,negative,negative
2720,neutral,neutral
2721,negative,negative
2722,negative,negative
2723,positive,positive
2724,neutral,neutral
2725,negative,positive
2726,neutral,positive
2727,positive,positive
2728,neutral,neutral
2729,negative,negative
2730,neutral,neutral
2731,neutral,neutral
2732,neutral,neutral
2733,positive,neutral
2734,positive,positive
2735,negative,negative
2736,negative,neutral
2737,positive,positive
2738,positive,neutral
2739,positive,positive
2740,neutral,neutral
2741,neutral,neutral
2742,negative,negative
2743,neutral,neutral
2744,neutral,neutral
2745,neutral,neutral
2746,positive,positive
2747,neutral,positive
2748,positive,positive
2749,positive,positive
2750,neutral,neutral
2751,positive,positive
2752,neutral,neutral
2753,positive,neutral
2754,negative,positive
2755,neutral,neutral
2756,neutral,negative
2757,neutral,neutral
2758,positive,positive
2759,neutral,positive
2760,neutral,positive
2761,neutral,positive
2762,negative,neutral
2763,neutral,neutral
2764,neutral,neutral
2765,neutral,neutral
2766,neutral,neutral
2767,positive,positive
2768,neutral,neutral
2769,neutral,positive
2770,positive,positive
2771,positive,positive
2772,neutral,negative
2773,neutral,neutral
2774,negative,neutral
2775,neutral,neutral
2776,neutral,negative
2777,neutral,negative
2778,neutral,neutral
2779,negative,neutral
2780,positive,positive
2781,neutral,neutral
2782,negative,negative
2783,neutral,positive
2784,neutral,neutral
2785,neutral,positive
2786,negative,negative
2787,negative,negative
2788,neutral,neutral
2789,negative,negative
2790,neutral,neutral
2791,positive,neutral
2792,neutral,neutral
2793,positive,positive
2794,neutral,neutral
2795,positive,neutral
2796,negative,negative
2797,positive,positive
2798,neutral,neutral
2799,neutral,positive
2800,positive,positive
2801,positive,positive
2802,neutral,neutral
2803,neutral,positive
2804,neutral,neutral
2805,neutral,neutral
2806,neutral,neutral
2807,positive,positive
2808,negative,negative
2809,neutral,neutral
2810,negative,negative
2811,negative,negative
2812,negative,negative
2813,positive,neutral
2814,neutral,negative
2815,neutral,neutral
2816,neutral,positive
2817,neutral,neutral
2818,negative,neutral
2819,neutral,negative
2820,neutral,neutral
2821,neutral,positive
2822,neutral,neutral
2823,positive,neutral
2824,neutral,positive
2825,negative,negative
2826,neutral,neutral
2827,positive,positive
2828,neutral,neutral
2829,negative,negative
2830,neutral,positive
2831,neutral,neutral
2832,negative,neutral
2833,neutral,positive
2834,neutral,neutral
2835,positive,positive
2836,negative,negative
2837,neutral,neutral
2838,neutral,neutral
2839,positive,positive
2840,negative,neutral
2841,neutral,negative
2842,neutral,neutral
2843,positive,neutral
2844,neutral,negative
2845,neutral,positive
2846,positive,positive
2847,neutral,negative
2848,neutral,negative
2849,negative,negative
2850,neutral,neutral
2851,neutral,positive
2852,neutral,positive
2853,neutral,negative
2854,positive,neutral
2855,neutral,positive
2856,negative,negative
2857,neutral,neutral
2858,neutral,neutral
2859,neutral,neutral
2860,neutral,negative
2861,neutral,neutral
2862,neutral,positive
2863,positive,positive
2864,negative,neutral
2865,positive,positive
2866,neutral,neutral
2867,positive,positive
2868,positive,positive
2869,negative,negative
2870,positive,positive
2871,neutral,positive
2872,neutral,neutral
2873,negative,negative
2874,neutral,neutral
2875,positive,positive
2876,positive,neutral
2877,positive,neutral
2878,positive,positive
2879,positive,positive
2880,positive,neutral
2881,neutral,neutral
2882,neutral,neutral
2883,positive,positive
2884,positive,positive
2885,positive,positive
2886,neutral,neutral
2887,neutral,neutral
2888,neutral,neutral
2889,positive,positive
2890,positive,neutral
2891,neutral,neutral
2892,positive,negative
2893,positive,neutral
2894,positive,neutral
2895,neutral,neutral
2896,negative,negative
2897,neutral,neutral
2898,neutral,neutral
2899,positive,positive
2900,neutral,neutral
2901,positive,positive
2902,positive,neutral
2903,positive,positive
2904,negative,neutral
2905,neutral,neutral
2906,negative,negative
2907,neutral,neutral
2908,neutral,neutral
2909,neutral,positive
2910,positive,positive
2911,neutral,positive
2912,neutral,positive
2913,positive,neutral
2914,neutral,neutral
2915,negative,neutral
2916,neutral,neutral
2917,positive,positive
2918,negative,negative
2919,neutral,neutral
2920,positive,positive
2921,negative,negative
2922,positive,positive
2923,positive,positive
2924,positive,positive
2925,negative,negative
2926,neutral,positive
2927,negative,neutral
2928,positive,positive
2929,positive,positive
2930,neutral,neutral
2931,neutral,neutral
2932,positive,neutral
2933,neutral,neutral
2934,negative,negative
2935,positive,positive
2936,neutral,neutral
2937,neutral,neutral
2938,neutral,neutral
2939,negative,negative
2940,positive,positive
2941,neutral,negative
2942,neutral,neutral
2943,negative,negative
2944,negative,negative
2945,neutral,neutral
2946,positive,positive
2947,neutral,positive
2948,neutral,neutral
2949,negative,negative
2950,positive,neutral
2951,positive,neutral
2952,positive,positive
2953,negative,negative
2954,positive,positive
2955,neutral,neutral
2956,neutral,neutral
2957,neutral,neutral
2958,positive,positive
2959,positive,positive
2960,positive,neutral
2961,positive,positive
2962,positive,positive
2963,positive,positive
2964,positive,positive
2965,negative,negative
2966,positive,positive
2967,neutral,neutral
2968,positive,positive
2969,negative,positive
2970,neutral,positive
2971,neutral,neutral
2972,positive,positive
2973,positive,positive
2974,positive,positive
2975,neutral,neutral
2976,neutral,neutral
2977,neutral,positive
2978,neutral,negative
2979,neutral,neutral
2980,neutral,positive
2981,neutral,neutral
2982,neutral,neutral
2983,neutral,neutral
2984,negative,negative
2985,positive,neutral
2986,neutral,neutral
2987,neutral,neutral
2988,positive,positive
2989,negative,neutral
2990,positive,neutral
2991,neutral,positive
2992,neutral,neutral
2993,neutral,positive
2994,neutral,neutral
2995,neutral,negative
2996,positive,negative
2997,positive,positive
2998,negative,negative
2999,negative,negative
3000,neutral,neutral
3001,neutral,neutral
3002,neutral,neutral
3003,positive,positive
3004,neutral,neutral
3005,neutral,neutral
3006,neutral,neutral
3007,neutral,neutral
3008,neutral,neutral
3009,neutral,neutral
3010,negative,neutral
3011,positive,positive
3012,positive,positive
3013,neutral,neutral
3014,positive,neutral
3015,neutral,positive
3016,negative,positive
3017,neutral,neutral
3018,neutral,neutral
3019,negative,negative
3020,neutral,neutral
3021,neutral,neutral
3022,neutral,neutral
3023,negative,negative
3024,neutral,neutral
3025,neutral,neutral
3026,positive,neutral
3027,neutral,positive
3028,neutral,neutral
3029,neutral,neutral
3030,neutral,neutral
3031,neutral,neutral
3032,neutral,neutral
3033,negative,neutral
3034,positive,neutral
3035,positive,neutral
3036,neutral,neutral
3037,positive,positive
3038,positive,neutral
3039,neutral,negative
3040,positive,positive
3041,neutral,neutral
3042,positive,positive
3043,neutral,neutral
3044,positive,positive
3045,positive,neutral
3046,neutral,neutral
3047,positive,positive
3048,positive,positive
3049,neutral,positive
3050,neutral,positive
3051,positive,positive
3052,neutral,neutral
3053,neutral,neutral
3054,neutral,positive
3055,positive,neutral
3056,neutral,neutral
3057,neutral,neutral
3058,positive,positive
3059,neutral,positive
3060,neutral,neutral
3061,neutral,neutral
3062,positive,positive
3063,neutral,neutral
3064,neutral,neutral
3065,positive,positive
3066,neutral,neutral
3067,positive,positive
3068,positive,positive
3069,negative,negative
3070,neutral,neutral
3071,positive,positive
3072,negative,positive
3073,neutral,positive
3074,neutral,neutral
3075,neutral,neutral
3076,positive,positive
3077,positive,positive
3078,positive,positive
3079,neutral,negative
3080,negative,neutral
3081,neutral,neutral
3082,neutral,neutral
3083,neutral,neutral
3084,positive,positive
3085,neutral,positive
3086,positive,neutral
3087,neutral,neutral
3088,negative,negative
3089,negative,negative
3090,neutral,neutral
3091,neutral,neutral
3092,neutral,neutral
3093,neutral,neutral
3094,positive,neutral
3095,positive,neutral
3096,positive,positive
3097,positive,positive
3098,neutral,neutral
3099,negative,negative
3100,neutral,neutral
3101,negative,positive
3102,neutral,neutral
3103,negative,negative
3104,neutral,neutral
3105,negative,negative
3106,neutral,neutral
3107,neutral,neutral
3108,positive,positive
3109,neutral,positive
3110,neutral,positive
3111,positive,positive
3112,positive,positive
3113,positive,positive
3114,positive,neutral
3115,positive,negative
3116,positive,positive
3117,positive,positive
3118,neutral,negative
3119,positive,positive
3120,positive,positive
3121,neutral,negative
3122,positive,neutral
3123,neutral,neutral
3124,neutral,neutral
3125,neutral,neutral
3126,negative,neutral
3127,positive,positive
3128,negative,negative
3129,neutral,positive
3130,neutral,negative
3131,negative,negative
3132,positive,positive
3133,neutral,positive
3134,positive,neutral
3135,neutral,neutral
3136,neutral,negative
3137,neutral,neutral
3138,neutral,neutral
3139,positive,positive
3140,neutral,neutral
3141,positive,positive
3142,positive,positive
3143,neutral,neutral
3144,positive,positive
3145,positive,negative
3146,neutral,neutral
3147,positive,positive
3148,neutral,neutral
3149,negative,negative
3150,neutral,neutral
3151,negative,negative
3152,neutral,neutral
3153,positive,neutral
3154,neutral,neutral
3155,neutral,neutral
3156,positive,positive
3157,neutral,positive
3158,positive,neutral
3159,neutral,neutral
3160,neutral,neutral
3161,neutral,neutral
3162,neutral,neutral
3163,neutral,neutral
3164,positive,positive
3165,neutral,neutral
3166,neutral,neutral
3167,positive,positive
3168,positive,positive
3169,neutral,neutral
3170,positive,positive
3171,neutral,neutral
3172,positive,positive
3173,neutral,neutral
3174,positive,positive
3175,neutral,neutral
3176,neutral,neutral
3177,positive,positive
3178,negative,negative
3179,positive,neutral
3180,positive,positive
3181,positive,positive
3182,neutral,neutral
3183,neutral,neutral
3184,neutral,neutral
3185,positive,positive
3186,negative,negative
3187,neutral,negative
3188,positive,positive
3189,positive,positive
3190,negative,negative
3191,neutral,neutral
3192,positive,positive
3193,positive,neutral
3194,positive,positive
3195,neutral,neutral
3196,neutral,neutral
3197,neutral,negative
3198,neutral,neutral
3199,positive,positive
3200,positive,positive
3201,negative,negative
3202,neutral,negative
3203,neutral,neutral
3204,neutral,neutral
3205,positive,positive
3206,neutral,neutral
3207,negative,negative
3208,positive,positive
3209,neutral,positive
3210,positive,positive
3211,neutral,neutral
3212,neutral,neutral
3213,neutral,negative
3214,positive,neutral
3215,neutral,neutral
3216,positive,positive
3217,positive,positive
3218,neutral,neutral
3219,positive,positive
3220,positive,neutral
3221,positive,neutral
3222,neutral,neutral
3223,positive,neutral
3224,positive,positive
3225,positive,positive
3226,neutral,neutral
3227,neutral,neutral
3228,neutral,positive
3229,positive,positive
3230,neutral,neutral
3231,negative,neutral
3232,neutral,neutral
3233,neutral,neutral
3234,positive,neutral
3235,positive,positive
3236,negative,negative
3237,neutral,neutral
3238,neutral,positive
3239,negative,negative
3240,positive,positive
3241,neutral,neutral
3242,positive,positive
3243,positive,positive
3244,neutral,neutral
3245,negative,negative
3246,neutral,neutral
3247,neutral,neutral
3248,neutral,neutral
3249,positive,neutral
3250,neutral,neutral
3251,negative,negative
3252,neutral,positive
3253,positive,positive
3254,negative,negative
3255,neutral,neutral
3256,neutral,negative
3257,positive,positive
3258,neutral,positive
3259,negative,negative
3260,neutral,neutral
3261,negative,negative
3262,negative,positive
3263,negative,negative
3264,neutral,neutral
3265,negative,negative
3266,positive,positive
3267,positive,positive
3268,neutral,neutral
3269,neutral,positive
3270,neutral,negative
3271,negative,positive
3272,positive,positive
3273,negative,positive
3274,negative,negative
3275,positive,positive
3276,neutral,neutral
3277,negative,negative
3278,negative,negative
3279,neutral,positive
3280,positive,neutral
3281,neutral,neutral
3282,neutral,positive
3283,neutral,neutral
3284,positive,positive
3285,positive,positive
3286,neutral,neutral
3287,neutral,neutral
3288,negative,neutral
3289,positive,positive
3290,positive,positive
3291,neutral,neutral
3292,neutral,neutral
3293,neutral,neutral
3294,neutral,positive
3295,negative,neutral
3296,neutral,neutral
3297,neutral,positive
3298,neutral,neutral
3299,neutral,neutral
3300,neutral,neutral
3301,neutral,positive
3302,positive,positive
3303,neutral,neutral
3304,positive,positive
3305,neutral,neutral
3306,neutral,neutral
3307,neutral,neutral
3308,positive,neutral
3309,positive,positive
3310,negative,negative
3311,neutral,positive
3312,positive,positive
3313,positive,positive
3314,positive,positive
3315,positive,positive
3316,neutral,neutral
3317,positive,positive
3318,neutral,neutral
3319,neutral,positive
3320,neutral,negative
3321,positive,neutral
3322,neutral,neutral
3323,positive,positive
3324,neutral,neutral
3325,neutral,neutral
3326,neutral,neutral
3327,positive,neutral
3328,neutral,neutral
3329,positive,positive
3330,neutral,neutral
3331,neutral,neutral
3332,neutral,positive
3333,positive,positive
3334,positive,positive
3335,neutral,positive
3336,positive,negative
3337,negative,neutral
3338,negative,negative
3339,positive,neutral
3340,neutral,positive
3341,neutral,neutral
3342,positive,positive
3343,positive,positive
3344,neutral,neutral
3345,negative,negative
3346,negative,negative
3347,negative,neutral
3348,neutral,positive
3349,negative,negative
3350,neutral,neutral
3351,positive,positive
3352,positive,positive
3353,positive,neutral
3354,positive,neutral
3355,negative,negative
3356,positive,positive
3357,negative,neutral
3358,positive,positive
3359,neutral,negative
3360,neutral,neutral
3361,negative,neutral
3362,positive,positive
3363,negative,negative
3364,neutral,neutral
3365,positive,positive
3366,neutral,neutral
3367,negative,negative
3368,positive,neutral
3369,neutral,neutral
3370,positive,positive
3371,neutral,neutral
3372,positive,positive
3373,positive,positive
3374,neutral,neutral
3375,positive,positive
3376,neutral,neutral
3377,positive,positive
3378,positive,positive
3379,neutral,positive
3380,neutral,neutral
3381,neutral,positive
3382,positive,positive
3383,neutral,neutral
3384,neutral,neutral
3385,neutral,neutral
3386,neutral,neutral
3387,neutral,neutral
3388,neutral,neutral
3389,positive,positive
3390,neutral,positive
3391,negative,neutral
3392,positive,positive
3393,negative,negative
3394,positive,positive
3395,neutral,neutral
3396,neutral,neutral
3397,negative,neutral
3398,neutral,positive
3399,positive,positive
3400,positive,positive
3401,positive,positive
3402,neutral,neutral
3403,neutral,neutral
3404,positive,positive
3405,neutral,neutral
3406,negative,negative
3407,neutral,neutral
3408,neutral,neutral
3409,positive,neutral
3410,negative,neutral
3411,positive,positive
3412,neutral,negative
3413,negative,positive
3414,negative,negative
3415,neutral,neutral
3416,negative,negative
3417,positive,positive
3418,positive,positive
3419,negative,negative
3420,positive,positive
3421,positive,neutral
3422,neutral,neutral
3423,neutral,negative
3424,neutral,neutral
3425,positive,positive
3426,positive,neutral
3427,neutral,neutral
3428,neutral,negative
3429,neutral,neutral
3430,positive,positive
3431,neutral,neutral
3432,positive,neutral
3433,negative,neutral
3434,neutral,neutral
3435,negative,negative
3436,neutral,positive
3437,neutral,positive
3438,neutral,neutral
3439,neutral,negative
3440,positive,positive
3441,neutral,neutral
3442,neutral,neutral
3443,positive,positive
3444,positive,neutral
3445,positive,positive
3446,neutral,neutral
3447,neutral,neutral
3448,positive,neutral
3449,positive,positive
3450,neutral,neutral
3451,positive,neutral
3452,neutral,neutral
3453,neutral,neutral
3454,negative,negative
3455,positive,positive
3456,neutral,positive
3457,negative,negative
3458,positive,positive
3459,neutral,neutral
3460,negative,negative
3461,positive,negative
3462,positive,positive
3463,neutral,neutral
3464,negative,neutral
3465,negative,negative
3466,neutral,neutral
3467,neutral,positive
3468,neutral,positive
3469,positive,positive
3470,neutral,neutral
3471,neutral,neutral
3472,positive,positive
3473,neutral,neutral
3474,neutral,negative
3475,neutral,neutral
3476,positive,positive
3477,positive,positive
3478,positive,positive
3479,positive,positive
3480,neutral,neutral
3481,negative,negative
3482,negative,negative
3483,positive,positive
3484,positive,neutral
3485,neutral,neutral
3486,neutral,positive
3487,negative,negative
3488,positive,positive
3489,neutral,neutral
3490,positive,neutral
3491,neutral,neutral
3492,negative,negative
3493,neutral,positive
3494,positive,positive
3495,positive,positive
3496,neutral,neutral
3497,positive,positive
3498,neutral,positive
3499,negative,negative
3500,negative,negative
3501,positive,positive
3502,neutral,neutral
3503,neutral,negative
3504,negative,positive
3505,negative,negative
3506,neutral,positive
3507,neutral,negative
3508,positive,neutral
3509,negative,negative
3510,negative,positive
3511,negative,negative
3512,neutral,neutral
3513,negative,negative
3514,neutral,neutral
3515,neutral,neutral
3516,positive,positive
3517,neutral,neutral
3518,positive,positive
3519,positive,positive
3520,positive,positive
3521,neutral,neutral
3522,neutral,neutral
3523,positive,positive
3524,neutral,neutral
3525,neutral,neutral
3526,positive,positive
3527,positive,positive
3528,positive,neutral
3529,neutral,positive
3530,positive,positive
3531,neutral,negative
3532,neutral,neutral
3533,neutral,positive
3534,positive,positive
3535,negative,negative
3536,neutral,neutral
3537,neutral,neutral
3538,positive,positive
3539,neutral,neutral
3540,negative,negative
3541,negative,positive
3542,neutral,neutral
3543,neutral,positive
3544,neutral,positive
3545,negative,neutral
3546,neutral,negative
3547,positive,positive
3548,neutral,neutral
3549,neutral,positive
3550,neutral,neutral
3551,neutral,neutral
3552,negative,negative
3553,positive,positive
3554,neutral,positive
3555,positive,neutral
3556,neutral,neutral
3557,negative,positive
3558,negative,positive
3559,positive,positive
3560,positive,positive
3561,neutral,neutral
3562,neutral,neutral
3563,positive,positive
3564,positive,neutral
3565,neutral,positive
3566,neutral,positive
3567,positive,neutral
3568,positive,neutral
3569,positive,positive
3570,neutral,negative
3571,positive,positive
3572,neutral,positive
3573,neutral,neutral
3574,positive,neutral
3575,neutral,neutral
3576,negative,negative
3577,positive,positive
3578,negative,negative
3579,neutral,positive
3580,neutral,neutral
3581,positive,positive
3582,neutral,neutral
3583,negative,negative
3584,negative,negative
3585,neutral,neutral
3586,positive,positive
3587,neutral,positive
3588,positive,neutral
3589,negative,negative
3590,neutral,negative
3591,neutral,neutral
3592,neutral,neutral
3593,neutral,neutral
3594,positive,neutral
3595,negative,negative
3596,neutral,neutral
3597,neutral,neutral
3598,negative,neutral
3599,neutral,neutral
3600,negative,neutral
3601,positive,positive
3602,positive,positive
3603,neutral,neutral
3604,neutral,neutral
3605,positive,neutral
3606,positive,neutral
3607,negative,negative
3608,neutral,neutral
3609,positive,positive
3610,neutral,neutral
3611,neutral,neutral
3612,positive,neutral
3613,negative,negative
3614,neutral,neutral
3615,negative,positive
3616,positive,positive
3617,positive,positive
3618,negative,negative
3619,neutral,neutral
3620,positive,neutral
3621,positive,positive
3622,neutral,neutral
3623,neutral,neutral
3624,neutral,negative
3625,positive,positive
3626,positive,positive
3627,positive,positive
3628,neutral,positive
3629,neutral,neutral
3630,neutral,neutral
3631,neutral,neutral
3632,neutral,neutral
3633,negative,negative
3634,negative,negative
3635,positive,neutral
3636,negative,negative
3637,neutral,neutral
3638,neutral,neutral
3639,neutral,neutral
3640,neutral,neutral
3641,positive,neutral
3642,positive,positive
3643,neutral,negative
3644,neutral,neutral
3645,negative,negative
3646,positive,positive
3647,positive,positive
3648,neutral,neutral
3649,positive,positive
3650,positive,neutral
3651,negative,neutral
3652,negative,negative
3653,neutral,neutral
3654,negative,negative
3655,negative,neutral
3656,neutral,neutral
3657,neutral,positive
3658,neutral,neutral
3659,neutral,positive
3660,neutral,neutral
3661,positive,neutral
3662,neutral,neutral
3663,neutral,neutral
3664,positive,positive
3665,negative,negative
3666,positive,positive
3667,neutral,neutral
3668,neutral,neutral
3669,positive,positive
3670,negative,neutral
3671,neutral,neutral
3672,negative,neutral
3673,positive,positive
3674,positive,neutral
3675,neutral,neutral
3676,negative,neutral
3677,neutral,neutral
3678,neutral,neutral
3679,neutral,neutral
3680,negative,negative
3681,negative,negative
3682,neutral,neutral
3683,positive,positive
3684,positive,positive
3685,negative,neutral
3686,neutral,neutral
3687,positive,positive
3688,positive,positive
3689,negative,neutral
3690,neutral,neutral
3691,neutral,negative
3692,neutral,neutral
3693,positive,positive
3694,positive,positive
3695,positive,positive
3696,positive,positive
3697,neutral,positive
3698,neutral,negative
3699,neutral,neutral
3700,neutral,neutral
3701,neutral,neutral
3702,positive,positive
3703,positive,positive
3704,negative,negative
3705,neutral,neutral
3706,neutral,neutral
3707,neutral,neutral
3708,neutral,positive
3709,negative,negative
3710,neutral,neutral
3711,positive,neutral
3712,positive,positive
3713,neutral,neutral
3714,positive,positive
3715,neutral,negative
3716,neutral,neutral
3717,negative,negative
3718,negative,negative
3719,neutral,positive
3720,neutral,neutral
3721,positive,positive
3722,positive,positive
3723,neutral,positive
3724,positive,neutral
3725,neutral,neutral
3726,neutral,positive
3727,positive,neutral
3728,neutral,neutral
3729,negative,negative
3730,positive,neutral
3731,neutral,negative
3732,positive,positive
3733,neutral,positive
3734,positive,neutral
3735,neutral,neutral
3736,negative,negative
3737,positive,positive
3738,negative,negative
3739,positive,neutral
3740,positive,positive
3741,neutral,neutral
3742,neutral,neutral
3743,negative,negative
3744,negative,negative
3745,positive,positive
3746,neutral,negative
3747,neutral,neutral
3748,negative,negative
3749,positive,positive
3750,neutral,neutral
3751,neutral,neutral
3752,negative,negative
3753,neutral,neutral
3754,positive,neutral
3755,neutral,positive
3756,positive,positive
3757,neutral,neutral
3758,negative,negative
3759,positive,neutral
3760,positive,positive
3761,positive,positive
3762,negative,negative
3763,negative,neutral
3764,negative,negative
3765,positive,neutral
3766,neutral,negative
3767,negative,negative
3768,neutral,negative
3769,neutral,neutral
3770,neutral,neutral
3771,positive,neutral
3772,neutral,negative
3773,positive,positive
3774,positive,positive
3775,negative,negative
3776,positive,neutral
3777,positive,neutral
3778,positive,positive
3779,neutral,neutral
3780,negative,negative
3781,neutral,neutral
3782,neutral,neutral
3783,neutral,positive
3784,positive,neutral
3785,positive,neutral
3786,neutral,neutral
3787,neutral,negative
3788,neutral,negative
3789,neutral,neutral
3790,neutral,neutral
3791,positive,neutral
3792,positive,neutral
3793,positive,positive
3794,neutral,positive
3795,negative,negative
3796,neutral,neutral
3797,positive,positive
3798,negative,neutral
3799,positive,positive
3800,positive,neutral
3801,neutral,neutral
3802,positive,positive
3803,positive,negative
3804,negative,negative
3805,neutral,positive
3806,positive,neutral
3807,neutral,neutral
3808,neutral,positive
3809,neutral,neutral
3810,neutral,neutral
3811,positive,positive
3812,neutral,neutral
3813,positive,neutral
3814,neutral,neutral
3815,positive,positive
3816,positive,positive
3817,positive,positive
3818,negative,negative
3819,positive,neutral
3820,positive,neutral
3821,positive,positive
3822,neutral,neutral
3823,neutral,positive
3824,negative,negative
3825,neutral,negative
3826,positive,positive
3827,neutral,neutral
3828,neutral,positive
3829,positive,positive
3830,neutral,negative
3831,negative,negative
3832,positive,positive
3833,positive,negative
3834,neutral,neutral
3835,positive,positive
3836,negative,negative
3837,neutral,neutral
3838,neutral,neutral
3839,neutral,negative
3840,negative,neutral
3841,neutral,neutral
3842,positive,neutral
3843,neutral,neutral
3844,neutral,neutral
3845,neutral,neutral
3846,neutral,negative
3847,neutral,neutral
3848,positive,neutral
3849,neutral,neutral
3850,negative,negative
3851,neutral,negative
3852,neutral,neutral
3853,positive,positive
3854,positive,positive
3855,negative,negative
3856,neutral,neutral
3857,neutral,neutral
3858,neutral,neutral
3859,negative,neutral
3860,neutral,neutral
3861,neutral,neutral
3862,neutral,neutral
3863,positive,positive
3864,neutral,neutral
3865,neutral,neutral
3866,positive,positive
3867,neutral,positive
3868,positive,neutral
3869,neutral,neutral
3870,neutral,neutral
3871,positive,positive
3872,positive,positive
3873,neutral,neutral
3874,neutral,neutral
3875,positive,positive
3876,negative,negative
3877,positive,positive
3878,negative,negative
3879,neutral,neutral
3880,positive,negative
3881,neutral,neutral
3882,positive,positive
3883,neutral,positive
3884,neutral,negative
3885,negative,negative
3886,neutral,neutral
3887,neutral,neutral
3888,neutral,neutral
3889,neutral,neutral
3890,positive,positive
3891,positive,positive
3892,neutral,neutral
3893,negative,negative
3894,neutral,neutral
3895,neutral,neutral
3896,positive,positive
3897,neutral,negative
3898,negative,negative
3899,neutral,neutral
3900,negative,negative
3901,positive,positive
3902,neutral,negative
3903,positive,positive
3904,positive,positive
3905,neutral,neutral
3906,neutral,neutral
3907,negative,neutral
3908,neutral,negative
3909,neutral,neutral
3910,neutral,positive
3911,neutral,neutral
3912,positive,positive
3913,neutral,neutral
3914,positive,positive
3915,neutral,negative
3916,positive,positive
3917,neutral,positive
3918,negative,negative
3919,neutral,neutral
3920,positive,positive
3921,positive,neutral
3922,negative,negative
3923,positive,positive
3924,neutral,neutral
3925,neutral,neutral
3926,positive,positive
3927,positive,neutral
3928,neutral,neutral
3929,neutral,neutral
3930,neutral,neutral
3931,positive,positive
3932,neutral,neutral
3933,positive,positive
3934,positive,positive
3935,neutral,neutral
3936,neutral,neutral
3937,neutral,neutral
3938,positive,positive
3939,positive,neutral
3940,negative,negative
3941,positive,positive
3942,neutral,neutral
3943,positive,positive
3944,neutral,neutral
3945,positive,positive
3946,negative,neutral
3947,positive,positive
3948,neutral,neutral
3949,neutral,negative
3950,neutral,neutral
3951,positive,positive
3952,positive,positive
3953,positive,positive
3954,positive,positive
3955,negative,negative
3956,neutral,neutral
3957,neutral,positive
3958,neutral,neutral
3959,neutral,negative
3960,positive,neutral
3961,positive,neutral
3962,negative,negative
3963,positive,positive
3964,neutral,neutral
3965,positive,positive
3966,positive,neutral
3967,neutral,positive
3968,positive,positive
3969,neutral,neutral
3970,neutral,neutral
3971,neutral,neutral
3972,positive,positive
3973,positive,positive
3974,positive,positive
3975,neutral,neutral
3976,neutral,positive
3977,positive,positive
3978,positive,neutral
3979,neutral,neutral
3980,neutral,positive
3981,positive,positive
3982,positive,positive
3983,positive,positive
3984,neutral,neutral
3985,neutral,neutral
3986,positive,neutral
3987,neutral,positive
3988,positive,positive
3989,positive,positive
3990,neutral,negative
3991,neutral,neutral
3992,negative,negative
3993,neutral,neutral
3994,neutral,neutral
3995,positive,positive
3996,neutral,neutral
3997,positive,positive
3998,neutral,neutral
3999,neutral,neutral
4000,neutral,neutral
4001,neutral,positive
4002,positive,positive
4003,positive,positive
4004,neutral,positive
4005,neutral,neutral
4006,positive,neutral
4007,neutral,neutral
4008,neutral,positive
4009,positive,positive
4010,neutral,neutral
4011,positive,positive
4012,neutral,neutral
4013,neutral,neutral
4014,negative,negative
4015,neutral,neutral
4016,negative,neutral
4017,positive,positive
4018,neutral,neutral
4019,neutral,neutral
4020,positive,neutral
4021,positive,neutral
4022,negative,negative
4023,negative,negative
4024,neutral,neutral
4025,neutral,neutral
4026,positive,neutral
4027,positive,positive
4028,negative,negative
4029,neutral,neutral
4030,neutral,neutral
4031,neutral,neutral
4032,neutral,neutral
4033,neutral,neutral
4034,negative,neutral
4035,negative,neutral
4036,neutral,neutral
4037,positive,positive
4038,negative,negative
4039,neutral,positive
4040,negative,negative
4041,neutral,neutral
4042,neutral,neutral
4043,negative,negative
4044,neutral,neutral
4045,positive,positive
4046,positive,positive
4047,positive,positive
4048,negative,negative
4049,neutral,positive
4050,neutral,positive
4051,neutral,positive
4052,positive,positive
4053,positive,positive
4054,neutral,neutral
4055,neutral,neutral
4056,neutral,positive
4057,neutral,neutral
4058,neutral,neutral
4059,negative,negative
4060,neutral,positive
4061,neutral,neutral
4062,neutral,positive
4063,neutral,neutral
4064,negative,neutral
4065,positive,positive
4066,positive,positive
4067,neutral,positive
4068,positive,positive
4069,positive,positive
4070,negative,negative
4071,negative,neutral
4072,neutral,positive
4073,neutral,neutral
4074,neutral,neutral
4075,positive,positive
4076,positive,positive
4077,neutral,neutral
4078,neutral,neutral
4079,neutral,neutral
4080,negative,negative
4081,negative,negative
4082,neutral,neutral
4083,positive,positive
4084,neutral,neutral
4085,neutral,neutral
4086,neutral,neutral
4087,neutral,positive
4088,neutral,neutral
4089,neutral,neutral
4090,neutral,neutral
4091,negative,negative
4092,positive,neutral
4093,neutral,neutral
4094,positive,positive
4095,positive,positive
4096,neutral,neutral
4097,neutral,neutral
4098,neutral,neutral
4099,negative,neutral
4100,positive,positive
4101,negative,neutral
4102,neutral,positive
4103,neutral,negative
4104,positive,positive
4105,neutral,neutral
4106,negative,neutral
4107,positive,positive
4108,negative,neutral
4109,negative,negative
4110,positive,positive
4111,neutral,positive
4112,positive,neutral
4113,positive,positive
4114,positive,positive
4115,negative,negative
4116,negative,negative
4117,positive,neutral
4118,neutral,neutral
4119,negative,neutral
4120,positive,neutral
4121,neutral,neutral
4122,neutral,negative
4123,positive,neutral
4124,negative,negative
4125,negative,negative
4126,neutral,neutral
4127,neutral,negative
4128,neutral,neutral
4129,positive,positive
4130,positive,positive
4131,neutral,neutral
4132,neutral,neutral
4133,neutral,positive
4134,neutral,positive
4135,positive,neutral
4136,neutral,negative
4137,positive,positive
4138,neutral,positive
4139,neutral,neutral
4140,neutral,neutral
4141,positive,positive
4142,neutral,neutral
4143,neutral,neutral
4144,positive,positive
4145,neutral,neutral
4146,positive,positive
4147,positive,positive
4148,neutral,neutral
4149,neutral,neutral
4150,positive,neutral
4151,neutral,neutral
4152,neutral,neutral
4153,neutral,neutral
4154,neutral,neutral
4155,neutral,positive
4156,neutral,neutral
4157,positive,neutral
4158,positive,positive
4159,neutral,neutral
4160,neutral,neutral
4161,negative,negative
4162,neutral,neutral
4163,positive,positive
4164,positive,positive
4165,positive,positive
4166,neutral,neutral
4167,positive,positive
4168,neutral,neutral
4169,positive,positive
4170,neutral,neutral
4171,positive,positive
4172,neutral,neutral
4173,positive,positive
4174,neutral,negative
4175,positive,positive
4176,neutral,neutral
4177,neutral,neutral
4178,positive,positive
4179,neutral,neutral
4180,positive,positive
4181,neutral,neutral
4182,negative,neutral
4183,neutral,neutral
4184,positive,positive
4185,neutral,positive
4186,positive,neutral
4187,positive,positive
4188,neutral,neutral
4189,neutral,neutral
4190,neutral,neutral
4191,positive,neutral
4192,positive,positive
4193,neutral,negative
4194,positive,neutral
4195,neutral,positive
4196,positive,neutral
4197,positive,negative
4198,neutral,neutral
4199,neutral,neutral
4200,neutral,positive
4201,positive,neutral
4202,positive,neutral
4203,positive,neutral
4204,neutral,neutral
4205,positive,positive
4206,negative,positive
4207,negative,negative
4208,neutral,negative
4209,neutral,neutral
4210,negative,negative
4211,positive,positive
4212,negative,negative
4213,negative,neutral
4214,neutral,neutral
4215,negative,neutral
4216,negative,negative
4217,positive,positive
4218,positive,neutral
4219,positive,positive
4220,neutral,positive
4221,positive,neutral
4222,positive,positive
4223,neutral,neutral
4224,negative,neutral
4225,positive,positive
4226,neutral,neutral
4227,neutral,neutral
4228,neutral,negative
4229,negative,negative
4230,negative,negative
4231,positive,positive
4232,negative,neutral
4233,positive,positive
4234,neutral,neutral
4235,neutral,neutral
4236,neutral,positive
4237,positive,positive
4238,neutral,neutral
4239,positive,positive
4240,neutral,positive
4241,positive,positive
4242,neutral,positive
4243,negative,negative
4244,neutral,neutral
4245,positive,neutral
4246,negative,positive
4247,negative,negative
4248,neutral,negative
4249,neutral,neutral
4250,neutral,neutral
4251,positive,positive
4252,negative,neutral
4253,positive,positive
4254,neutral,neutral
4255,positive,positive
4256,neutral,neutral
4257,neutral,neutral
4258,neutral,neutral
4259,negative,negative
4260,positive,positive
4261,neutral,neutral
4262,positive,positive
4263,neutral,neutral
4264,neutral,neutral
4265,positive,positive
4266,neutral,neutral
4267,positive,positive
4268,positive,positive
4269,positive,negative
4270,positive,positive
4271,negative,neutral
4272,negative,negative
4273,positive,positive
4274,negative,negative
4275,negative,neutral
4276,negative,negative
4277,positive,positive
4278,negative,negative
4279,neutral,positive
4280,neutral,neutral
4281,positive,neutral
4282,positive,neutral
4283,positive,positive
4284,neutral,neutral
4285,neutral,positive
4286,neutral,neutral
4287,neutral,neutral
4288,neutral,positive
4289,neutral,neutral
4290,positive,positive
4291,neutral,neutral
4292,neutral,neutral
4293,positive,positive
4294,neutral,neutral
4295,negative,negative
4296,neutral,neutral
4297,neutral,positive
4298,positive,neutral
4299,positive,positive
4300,neutral,neutral
4301,positive,positive
4302,neutral,negative
4303,neutral,neutral
4304,positive,positive
4305,neutral,neutral
4306,neutral,positive
4307,positive,positive
4308,negative,neutral
4309,neutral,neutral
4310,neutral,positive
4311,neutral,neutral
4312,neutral,neutral
4313,neutral,neutral
4314,neutral,negative
4315,neutral,neutral
4316,positive,positive
4317,neutral,neutral
4318,neutral,negative
4319,neutral,negative
4320,neutral,neutral
4321,positive,positive
4322,neutral,neutral
4323,neutral,neutral
4324,neutral,neutral
4325,positive,positive
4326,neutral,positive
4327,negative,negative
4328,positive,positive
4329,neutral,neutral
4330,neutral,neutral
4331,neutral,negative
4332,positive,positive
4333,neutral,positive
4334,neutral,positive
4335,neutral,neutral
4336,neutral,neutral
4337,positive,positive
4338,neutral,neutral
4339,positive,neutral
4340,neutral,negative
4341,negative,neutral
4342,neutral,positive
4343,positive,positive
4344,negative,negative
4345,positive,positive
4346,positive,positive
4347,neutral,neutral
4348,positive,neutral
4349,positive,positive
4350,positive,positive
4351,neutral,neutral
4352,neutral,neutral
4353,positive,positive
4354,positive,positive
4355,neutral,positive
4356,neutral,negative
4357,positive,neutral
4358,neutral,neutral
4359,positive,negative
4360,neutral,neutral
4361,neutral,neutral
4362,neutral,neutral
4363,positive,positive
4364,negative,positive
4365,neutral,negative
4366,positive,positive
4367,neutral,neutral
4368,neutral,neutral
4369,positive,positive
4370,negative,negative
4371,neutral,neutral
4372,neutral,negative
4373,neutral,positive
4374,neutral,neutral
4375,neutral,positive
4376,neutral,neutral
4377,positive,neutral
4378,positive,neutral
4379,neutral,neutral
4380,positive,neutral
4381,positive,positive
4382,neutral,negative
4383,neutral,neutral
4384,neutral,neutral
4385,positive,neutral
4386,neutral,neutral
4387,negative,negative
4388,neutral,positive
4389,positive,positive
4390,neutral,neutral
4391,neutral,neutral
4392,neutral,negative
4393,positive,neutral
4394,positive,neutral
4395,neutral,neutral
4396,neutral,neutral
4397,positive,neutral
4398,negative,negative
4399,neutral,negative
4400,positive,positive
4401,positive,positive
4402,neutral,neutral
4403,neutral,neutral
4404,positive,positive
4405,positive,neutral
4406,neutral,neutral
4407,positive,positive
4408,positive,positive
4409,positive,positive
4410,positive,neutral
4411,neutral,negative
4412,neutral,neutral
4413,neutral,negative
4414,positive,positive
4415,neutral,neutral
4416,neutral,positive
4417,neutral,positive
4418,neutral,neutral
4419,neutral,neutral
4420,positive,positive
4421,neutral,positive
4422,positive,neutral
4423,neutral,neutral
4424,positive,positive
4425,neutral,positive
4426,neutral,positive
4427,neutral,neutral
4428,positive,positive
4429,positive,positive
4430,positive,positive
4431,neutral,neutral
4432,positive,positive
4433,neutral,neutral
4434,neutral,neutral
4435,neutral,neutral
4436,neutral,neutral
4437,negative,neutral
4438,positive,neutral
4439,positive,positive
4440,positive,positive
4441,neutral,neutral
4442,neutral,neutral
4443,neutral,neutral
4444,positive,neutral
4445,positive,positive
4446,positive,neutral
4447,positive,positive
4448,neutral,neutral
4449,negative,neutral
4450,neutral,neutral
4451,neutral,neutral
4452,negative,positive
4453,neutral,neutral
4454,neutral,neutral
4455,neutral,neutral
4456,neutral,neutral
4457,negative,negative
4458,neutral,neutral
4459,positive,neutral
4460,neutral,neutral
4461,positive,positive
4462,positive,positive
4463,neutral,positive
4464,positive,positive
4465,positive,positive
4466,positive,positive
4467,positive,neutral
4468,positive,neutral
4469,positive,negative
4470,negative,negative
4471,neutral,negative
4472,neutral,neutral
4473,positive,positive
4474,positive,neutral
4475,neutral,neutral
4476,positive,positive
4477,neutral,negative
4478,negative,neutral
4479,negative,neutral
4480,positive,positive
4481,negative,negative
4482,neutral,negative
4483,positive,positive
4484,neutral,positive
4485,positive,neutral
4486,positive,positive
4487,neutral,negative
4488,positive,positive
4489,neutral,neutral
4490,neutral,neutral
4491,neutral,positive
4492,positive,positive
4493,neutral,neutral
4494,neutral,positive
4495,positive,positive
4496,neutral,neutral
4497,positive,negative
4498,negative,negative
4499,negative,negative
4500,positive,positive
4501,neutral,neutral
4502,neutral,neutral
4503,neutral,neutral
4504,negative,negative
4505,negative,negative
4506,positive,positive
4507,negative,negative
4508,positive,positive
4509,positive,positive
4510,neutral,negative
4511,negative,positive
4512,positive,neutral
4513,positive,positive
4514,positive,positive
4515,positive,positive
4516,neutral,neutral
4517,positive,neutral
4518,negative,negative
4519,neutral,neutral
4520,neutral,neutral
4521,neutral,neutral
4522,positive,positive
4523,positive,neutral
4524,positive,positive
4525,neutral,neutral
4526,neutral,neutral
4527,neutral,neutral
4528,neutral,neutral
4529,neutral,neutral
4530,neutral,neutral
4531,neutral,positive
4532,positive,positive
4533,neutral,neutral
4534,negative,negative
4535,neutral,neutral
4536,positive,positive
4537,neutral,neutral
4538,neutral,neutral
4539,neutral,neutral
4540,neutral,positive
4541,neutral,positive
4542,neutral,neutral
4543,neutral,neutral
4544,positive,positive
4545,positive,positive
4546,neutral,neutral
4547,positive,positive
4548,neutral,neutral
4549,neutral,neutral
4550,neutral,neutral
4551,neutral,neutral
4552,positive,positive
4553,positive,neutral
4554,neutral,positive
4555,neutral,neutral
4556,neutral,neutral
4557,neutral,negative
4558,neutral,positive
4559,neutral,neutral
4560,neutral,negative
4561,neutral,neutral
4562,positive,positive
4563,positive,positive
4564,negative,negative
4565,positive,positive
4566,positive,neutral
4567,positive,positive
4568,positive,positive
4569,negative,neutral
4570,negative,negative
4571,positive,neutral
4572,neutral,neutral
4573,positive,positive
4574,negative,negative
4575,neutral,neutral
4576,neutral,neutral
4577,positive,positive
4578,neutral,neutral
4579,neutral,neutral
4580,neutral,positive
4581,neutral,neutral
4582,negative,negative
4583,neutral,neutral
4584,neutral,negative
4585,neutral,neutral
4586,positive,neutral
4587,neutral,neutral
4588,positive,positive
4589,negative,neutral
4590,positive,positive
4591,neutral,positive
4592,neutral,neutral
4593,negative,neutral
4594,neutral,neutral
4595,positive,positive
4596,neutral,neutral
4597,negative,neutral
4598,neutral,neutral
4599,neutral,neutral
4600,negative,positive
4601,positive,neutral
4602,negative,negative
4603,neutral,neutral
4604,positive,positive
4605,neutral,neutral
4606,positive,positive
4607,negative,negative
4608,neutral,positive
4609,neutral,neutral
4610,neutral,negative
4611,neutral,neutral
4612,positive,positive
4613,negative,negative
4614,positive,positive
4615,negative,negative
4616,negative,negative
4617,positive,neutral
4618,neutral,neutral
4619,neutral,neutral
4620,negative,negative
4621,negative,negative
4622,negative,negative
4623,positive,positive
4624,positive,positive
4625,neutral,neutral
4626,positive,neutral
4627,negative,negative
4628,negative,negative
4629,neutral,positive
4630,neutral,negative
4631,neutral,neutral
4632,positive,negative
4633,neutral,neutral
4634,neutral,neutral
4635,negative,negative
4636,neutral,negative
4637,negative,negative
4638,negative,negative
4639,negative,negative
4640,positive,neutral
4641,positive,neutral
4642,neutral,neutral
4643,positive,positive
4644,negative,negative
4645,positive,positive
4646,neutral,negative
4647,positive,neutral
4648,negative,negative
4649,positive,positive
4650,negative,neutral
4651,negative,negative
4652,positive,positive
4653,negative,negative
4654,positive,neutral
4655,positive,positive
4656,neutral,neutral
4657,positive,neutral
4658,neutral,neutral
4659,negative,negative
4660,positive,positive
4661,positive,positive
4662,neutral,neutral
4663,neutral,neutral
4664,neutral,positive
4665,negative,negative
4666,neutral,neutral
4667,positive,negative
4668,neutral,positive
4669,neutral,neutral
4670,neutral,neutral
4671,neutral,positive
4672,positive,positive
4673,positive,neutral
4674,neutral,neutral
4675,positive,positive
4676,neutral,positive
4677,neutral,positive
4678,positive,positive
4679,positive,positive
4680,neutral,negative
4681,positive,neutral
4682,neutral,neutral
4683,neutral,negative
4684,neutral,neutral
4685,neutral,negative
4686,positive,positive
4687,positive,positive
4688,neutral,neutral
4689,positive,positive
4690,neutral,neutral
4691,positive,negative
4692,neutral,neutral
4693,positive,positive
4694,positive,positive
4695,neutral,neutral
4696,neutral,neutral
4697,neutral,neutral
4698,negative,negative
4699,positive,positive
4700,positive,positive
4701,positive,positive
4702,neutral,negative
4703,neutral,neutral
4704,neutral,neutral
4705,neutral,neutral
4706,neutral,negative
4707,neutral,neutral
4708,negative,negative
4709,neutral,neutral
4710,neutral,neutral
4711,positive,positive
4712,neutral,positive
4713,neutral,neutral
4714,negative,negative
4715,neutral,positive
4716,neutral,positive
4717,neutral,neutral
4718,neutral,positive
4719,neutral,negative
4720,positive,neutral
4721,negative,negative
4722,positive,positive
4723,neutral,neutral
4724,negative,neutral
4725,positive,positive
4726,positive,neutral
4727,negative,negative
4728,neutral,neutral
4729,positive,positive
4730,negative,negative
4731,neutral,negative
4732,neutral,neutral
4733,neutral,neutral
4734,negative,neutral
4735,neutral,neutral
4736,positive,neutral
4737,neutral,neutral
4738,neutral,neutral
4739,neutral,neutral
4740,positive,neutral
4741,neutral,neutral
4742,positive,positive
4743,neutral,positive
4744,positive,positive
4745,positive,positive
4746,neutral,positive
4747,positive,positive
4748,neutral,neutral
4749,positive,positive
4750,neutral,neutral
4751,positive,neutral
4752,positive,neutral
4753,neutral,neutral
4754,neutral,neutral
4755,negative,neutral
4756,positive,positive
4757,neutral,positive
4758,positive,positive
4759,neutral,neutral
4760,neutral,neutral
4761,neutral,neutral
4762,positive,positive
4763,neutral,neutral
4764,neutral,neutral
4765,neutral,neutral
4766,positive,positive
4767,neutral,neutral
4768,negative,negative
4769,neutral,neutral
4770,neutral,neutral
4771,neutral,neutral
4772,neutral,neutral
4773,positive,positive
4774,neutral,neutral
4775,neutral,neutral
4776,neutral,neutral
4777,positive,positive
4778,positive,positive
4779,positive,neutral
4780,neutral,neutral
4781,negative,negative
4782,positive,positive
4783,positive,positive
4784,negative,neutral
4785,neutral,neutral
4786,neutral,negative
4787,neutral,neutral
4788,negative,negative
4789,positive,positive
4790,neutral,negative
4791,neutral,neutral
4792,neutral,neutral
4793,positive,positive
4794,positive,positive
4795,neutral,neutral
4796,positive,positive
4797,neutral,neutral
4798,positive,negative
4799,negative,negative
4800,negative,positive
4801,positive,positive
4802,positive,positive
4803,neutral,neutral
4804,neutral,neutral
4805,negative,negative
4806,neutral,neutral
4807,negative,negative
